name,ret,sharpe,sortino,maxdd,trades,nL,nS,win,alpha
LGBM-alone (own tuned rule),0.7541423556908549,1.6469435463464055,0.8659924182985319,-0.09099013354184884,167,75,92,0.5209580838323353,0.5985490165146936
Stack signals-only (logit),0.519347416201545,0.6663284982597247,0.6652412681383966,-0.27141050315885434,597,290,307,0.45896147403685095,0.36375407702538376
De-biased EW-mean,0.28312479054995343,0.5288231462194772,0.38722834051188515,-0.17524907917791066,362,179,183,0.4419889502762431,0.12753145137379218
Stack signals+regime (lgbm),0.11327702149724428,0.1505695651317662,0.16748427696887946,-0.3396506885062089,763,373,390,0.43905635648754915,-0.04231631767891697
EW-mean (baseline),-0.07545892334196369,-0.13797900994449339,-0.1284604059750202,-0.2929616020292861,527,57,470,0.4250474383301708,-0.23105226251812494
Stack signals-only (lgbm),-0.1841704017118272,-0.27948601337846046,-0.3055016436792353,-0.42076553418049445,771,385,386,0.4267185473411154,-0.33976374088798844
Perf-weighted (trailing),-0.22837125549589665,-0.4376745187419685,-0.37566009400280953,-0.40863439052704775,501,277,224,0.4291417165668663,-0.3839645946720579
Hedge (exp-weights),-0.28357167852906595,-0.5918628639703007,-0.48798930955299136,-0.38612213505129755,438,218,220,0.4223744292237443,-0.4391650177052272
Pruned LGBM+mamba (db),-0.5468280837474462,-1.3805520812822636,-1.1913198044030846,-0.6218549040345677,506,266,240,0.4090909090909091,-0.7024214229236074
