,chop,bull,bear
lgbm,0.18212262852991837,0.3680578866637123,0.0
mamba,0.4558644817530885,0.34818766755423847,0.0
tcn,0.2892851740670376,0.14160536180330163,0.04530585019476093
patch,0.0,0.0,0.6203602012925801
trend,0.06265228680518516,0.0,0.22877673824982325
volbreak,0.010075428844770256,0.0503979631373154,0.0
dominance_rotation,0.0,0.09175112084143217,0.10555721026283571
