,chop,bull,bear
lgbm,0.1685023033275209,0.33894432377238715,0.0
mamba,0.4217719445444052,0.3206458489310551,0.0
tcn,0.2612917115227614,0.186909570616073,0.19347523796976912
patch,0.0,0.0,0.3946041764546406
trend,0.05796673769001679,0.0,0.14552232106597282
meanrev,0.08114538075185929,0.022595236329534977,0.04255395844953727
volbreak,0.00932192216343635,0.04641145905043644,0.0
sentiment_regime,0.0,0.0,0.15670054677664005
dominance_rotation,0.0,0.08449356130051343,0.0671437592834404
