,chop,bull,bear
lgbm,0.1839762683306098,0.38759171987426416,0.0
mamba,0.4605042596539455,0.3666669341870709,0.0
tcn,0.2922295117187013,0.14912074353919924,0.11933904282168573
trend,0.06328996029674334,0.0,0.6026152659145636
dominance_rotation,0.0,0.09662060239946564,0.2780456912637506
