,chop,bull,bear
lgbm,0.03300225459328506,0.4227016241195343,0.0
mamba,0.543548025103174,0.28992920508945147,0.0
tcn,0.3367331459835222,0.16900434985509738,0.24161889043711424
patch,0.0,0.0,0.4927959995155512
trend,0.07470318071325661,0.0,0.18173354956817686
volbreak,0.012013393606762002,0.041965419088983644,0.0
dominance_rotation,0.0,0.07639940184693314,0.08385156047915786
