,chop,bull,bear
lgbm,0.3937615819996987,0.5176886572889287,0.0
mamba,0.0,0.0,0.20367737054642188
tcn,0.48039225317206813,0.28542539116042837,0.19244298793801456
patch,0.0,0.0,0.3924988415396918
trend,0.10329887690762858,0.0,0.1434584563590473
volbreak,0.02254728792060447,0.06896174330792794,0.0
dominance_rotation,0.0,0.12792420824271497,0.06792234361682434
