,chop,bull,bear
lgbm,0.2644416539860684,0.36164003638962916,0.0
mamba,0.09098369526321455,0.07872401854864303,0.15981831810388616
tcn,0.26809594140918636,0.2507448465885046,0.04949465050451021
patch,0.12635083631065736,0.0,0.6030373884422031
trend,0.06276126122730105,0.14386849983826308,0.0
meanrev,0.022570535109283835,0.04853308247856025,0.018891696481587755
volbreak,0.04083014656178954,0.004234041578251438,0.0
crossasset,0.12396593013249889,0.11225547457814841,0.16875794646781273
