top_n_features,corr_threshold,num_leaves,min_child_samples,learning_rate,oos_auc,tr_long_threshold,tr_short_threshold,tr_entry_atr_mult,tr_sl_atr_mult,tr_tp_atr_mult,tr_min_sl,tr_min_hold,tr_max_hold,tr_cooldown,tr_sharpe,tr_total_ret,tr_maxdd,tr_win_rate,tr_n_trades
50,0.85,31,50,0.02,0.543895246949617,0.6,0.4,0.3,1.5,3.0,0.01,8,48,3,1.5313150886036266,0.9211428083173838,-0.12629591892339756,0.4740740740740741,135
50,0.85,31,30,0.02,0.5428631909547401,0.63,0.3,0.3,1.5,3.0,0.01,4,48,3,1.3268315170776979,0.6435553101519484,-0.15660256639581846,0.4444444444444444,126
50,0.85,63,30,0.02,0.540878189159169,0.6,0.4,1.0,1.5,3.0,0.015,4,48,2,1.1000036907147628,0.7124117887211416,-0.2713760380846589,0.4779874213836478,159
50,0.85,63,50,0.02,0.5444416905469986,0.55,0.4,0.3,1.5,2.0,0.01,4,48,3,1.093015173415335,0.8820481897414794,-0.24060509562424703,0.4896551724137931,435
50,0.85,63,50,0.01,0.542467613043524,0.55,0.4,0.6,2.5,2.0,0.015,8,48,3,0.9215894941114329,0.49790621505892263,-0.19675179864473946,0.5606060606060606,132
50,0.85,31,30,0.01,0.5412632603529557,0.55,0.4,0.3,1.5,3.0,0.01,4,48,2,0.5408229285915607,0.3508833256866506,-0.2506091029924204,0.40636042402826855,283
50,0.85,31,50,0.01,0.5406686744375067,0.55,0.3,1.0,1.5,3.0,0.01,8,24,2,0.5233058178894497,0.26705070374932083,-0.14748268543786724,0.4343891402714932,221
50,0.85,63,30,0.01,0.5428335902989053,0.55,0.3,0.3,1.5,2.0,0.01,4,24,2,0.42800586776722943,0.2140052634598264,-0.23941828195450351,0.47468354430379744,316
