top_n_features,corr_threshold,num_leaves,min_child_samples,learning_rate,oos_auc,tr_long_threshold,tr_short_threshold,tr_entry_atr_mult,tr_sl_atr_mult,tr_tp_atr_mult,tr_min_sl,tr_min_hold,tr_max_hold,tr_cooldown,tr_sharpe,tr_total_ret,tr_maxdd,tr_win_rate,tr_n_trades
50,0.85,63,30,0.01,0.5402791811822341,0.55,0.4,0.3,1.5,2.0,0.01,4,48,2,1.515040519924168,1.1830301863026573,-0.1786304191725458,0.5058139534883721,344
50,0.85,63,50,0.02,0.5422905118961584,0.58,0.4,0.3,1.5,3.0,0.015,8,24,3,1.2991410838624786,0.9374021679129296,-0.18493579797106968,0.49372384937238495,239
50,0.85,63,50,0.01,0.5420705311244367,0.55,0.4,0.3,1.5,3.0,0.01,4,24,2,1.24124760690497,0.8579002227625667,-0.1904906483615661,0.46176470588235297,340
50,0.85,63,30,0.02,0.539646290210667,0.6,0.4,0.3,2.0,3.0,0.015,8,48,3,1.177275732196734,0.9506799927275533,-0.3882453121378863,0.519774011299435,177
50,0.85,31,50,0.02,0.5424314537072769,0.63,0.35,0.3,1.5,2.0,0.01,4,24,2,1.1222727217754946,0.4167647019387144,-0.16403626775041796,0.539568345323741,139
50,0.85,31,30,0.02,0.5410945272693507,0.63,0.4,0.3,1.5,2.5,0.01,4,48,2,1.0672147491907573,0.4770162966881377,-0.16519666531344387,0.45714285714285713,140
50,0.85,31,30,0.01,0.5401844004412548,0.55,0.4,0.3,2.0,3.0,0.015,8,24,2,0.9048111930291436,0.6736168870358561,-0.2831428902920225,0.5074074074074074,270
50,0.85,31,50,0.01,0.5428005065121597,0.55,0.35,0.3,1.5,3.0,0.01,8,48,3,0.7676757242125648,0.5381604708784611,-0.20690495735250897,0.4247104247104247,259
