top_n_features,corr_threshold,num_leaves,min_child_samples,learning_rate,val_auc,oos_auc,val_long_threshold,val_short_threshold,val_entry_atr_mult,val_sl_atr_mult,val_tp_atr_mult,val_min_sl,val_min_hold,val_max_hold,val_cooldown,val_sharpe,val_total_ret,val_maxdd,val_win_rate,val_n_trades,oos_sharpe,oos_total_ret,oos_maxdd,oos_win_rate,oos_n_trades
50,0.85,31,30,0.02,0.5530660064014197,0.5410945272693507,0.55,0.3,0.3,1.5,2.5,0.01,8,48,2,1.6224615818539647,2.2295385410983117,-0.14303562934084407,0.48214285714285715,280,0.13862668045059323,0.09471419361367017,-0.21704646923135731,0.4135135135135135,370
50,0.85,63,30,0.02,0.5531371470277483,0.539646290210667,0.55,0.4,0.3,1.5,2.5,0.01,8,48,2,1.5810201055386752,2.4292175477489817,-0.1663742438449244,0.48148148148148145,270,-0.7288794841961217,-0.38589592372851267,-0.5996381397212258,0.39408866995073893,406
50,0.85,31,50,0.01,0.5500779616538181,0.5428005065121597,0.55,0.4,1.0,2.0,2.5,0.015,8,48,3,1.4986562164964337,1.3429114424923605,-0.1432075941614946,0.6,135,0.4885656713065898,0.340695909457873,-0.2633124274146606,0.5213270142180095,211
50,0.85,63,30,0.01,0.548268942652321,0.5402791811822341,0.55,0.4,0.3,1.5,2.5,0.015,4,48,2,1.2765528862785875,1.30243516538988,-0.2831535026541705,0.4827586206896552,203,0.2509232547647707,0.1561308877237475,-0.27275849967116594,0.45041322314049587,242
50,0.85,31,30,0.01,0.5505335413147572,0.5401844004412548,0.55,0.4,0.3,1.5,2.5,0.015,4,48,2,1.104165320461703,0.8239160753440526,-0.16281518071731818,0.4785714285714286,140,0.7173917286552811,0.5097920175522297,-0.2943071374496257,0.46808510638297873,235
50,0.85,63,50,0.01,0.5518757530253294,0.5420705311244367,0.55,0.4,0.3,2.5,3.0,0.015,8,24,3,1.1035147162434875,1.0120297418526931,-0.18915158360320555,0.5792349726775956,183,0.7167160912101309,0.4842680626761582,-0.25159739895625155,0.5424354243542435,271
50,0.85,31,50,0.02,0.5542515712152142,0.5424314537072769,0.55,0.3,0.3,1.5,2.5,0.01,4,48,2,1.0255967023977393,0.9300678630572743,-0.12706091135864195,0.4475806451612903,248,-0.30222677067434023,-0.16095011261717562,-0.261083775735189,0.4147058823529412,340
50,0.85,63,50,0.02,0.5538243951969224,0.5422905118961584,0.55,0.4,0.3,1.5,2.5,0.01,4,48,3,0.6774891171741271,0.5373806072754972,-0.25081785285623664,0.44404332129963897,277,-0.25597165103739233,-0.1416431895043042,-0.4292656109662543,0.41037735849056606,424
